{
  "hash": "05a8ccb0",
  "configHash": "4691b42c",
  "lockfileHash": "0e981fd0",
  "browserHash": "df7fc702",
  "optimized": {
    "@angular/core": {
      "src": "../../../../../../node_modules/@angular/core/fesm2022/core.mjs",
      "file": "@angular_core.js",
      "fileHash": "d934a089",
      "needsInterop": false
    },
    "@angular/platform-browser": {
      "src": "../../../../../../node_modules/@angular/platform-browser/fesm2022/platform-browser.mjs",
      "file": "@angular_platform-browser.js",
      "fileHash": "e9275caa",
      "needsInterop": false
    },
    "@angular/router": {
      "src": "../../../../../../node_modules/@angular/router/fesm2022/router.mjs",
      "file": "@angular_router.js",
      "fileHash": "efd98c83",
      "needsInterop": false
    }
  },
  "chunks": {
    "chunk-FCZ67RR6": {
      "file": "chunk-FCZ67RR6.js"
    },
    "chunk-W5QGBK3I": {
      "file": "chunk-W5QGBK3I.js"
    }
  }
}